Country,Image URL
Afghanistan,https://public.flourish.studio/country-flags/svg/af.svg
Albania,https://public.flourish.studio/country-flags/svg/al.svg
Algeria,https://public.flourish.studio/country-flags/svg/dz.svg
American Samoa,https://public.flourish.studio/country-flags/svg/as.svg
Andorra,https://public.flourish.studio/country-flags/svg/ad.svg
Angola,https://public.flourish.studio/country-flags/svg/ao.svg
Antigua and Barbuda,https://public.flourish.studio/country-flags/svg/ag.svg
Argentina,https://public.flourish.studio/country-flags/svg/ar.svg
Armenia,https://public.flourish.studio/country-flags/svg/am.svg
Aruba,https://public.flourish.studio/country-flags/svg/aw.svg
Australia,https://public.flourish.studio/country-flags/svg/au.svg
Austria,https://public.flourish.studio/country-flags/svg/at.svg
Azerbaijan,https://public.flourish.studio/country-flags/svg/az.svg
Bahamas,https://public.flourish.studio/country-flags/svg/bs.svg
Bahrain,https://public.flourish.studio/country-flags/svg/bh.svg
Bangladesh,https://public.flourish.studio/country-flags/svg/bd.svg
Barbados,https://public.flourish.studio/country-flags/svg/bb.svg
Belarus,https://public.flourish.studio/country-flags/svg/by.svg
Belgium,https://public.flourish.studio/country-flags/svg/be.svg
Belize,https://public.flourish.studio/country-flags/svg/bz.svg
Benin,https://public.flourish.studio/country-flags/svg/bj.svg
Bermuda,https://public.flourish.studio/country-flags/svg/bm.svg
Bhutan,https://public.flourish.studio/country-flags/svg/bt.svg
Bolivia,https://public.flourish.studio/country-flags/svg/bo.svg
Bosnia and Herzegovina,https://public.flourish.studio/country-flags/svg/ba.svg
Botswana,https://public.flourish.studio/country-flags/svg/bw.svg
Brazil,https://public.flourish.studio/country-flags/svg/br.svg
British Virgin Islands,https://public.flourish.studio/country-flags/svg/vg.svg
Brunei,https://public.flourish.studio/country-flags/svg/bn.svg
Bulgaria,https://public.flourish.studio/country-flags/svg/bg.svg
Burkina Faso,https://public.flourish.studio/country-flags/svg/bf.svg
Burma,https://public.flourish.studio/country-flags/svg/mm.svg
Burundi,https://public.flourish.studio/country-flags/svg/bi.svg
Cabo Verde,https://public.flourish.studio/country-flags/svg/cv.svg
Cambodia,https://public.flourish.studio/country-flags/svg/kh.svg
Cameroon,https://public.flourish.studio/country-flags/svg/cm.svg
Canada,https://public.flourish.studio/country-flags/svg/ca.svg
Cayman Islands,https://public.flourish.studio/country-flags/svg/ky.svg
Central African Republic,https://public.flourish.studio/country-flags/svg/cf.svg
Chad,https://public.flourish.studio/country-flags/svg/td.svg
Chile,https://public.flourish.studio/country-flags/svg/cl.svg
China,https://public.flourish.studio/country-flags/svg/cn.svg
Colombia,https://public.flourish.studio/country-flags/svg/co.svg
Comoros,https://public.flourish.studio/country-flags/svg/km.svg
Congo (Brazzaville),https://public.flourish.studio/country-flags/svg/cg.svg
Congo (Kinshasa),https://public.flourish.studio/country-flags/svg/cd.svg
Costa Rica,https://public.flourish.studio/country-flags/svg/cr.svg
Cote d'Ivoire,https://public.flourish.studio/country-flags/svg/ci.svg
Croatia,https://public.flourish.studio/country-flags/svg/hr.svg
Cuba,https://public.flourish.studio/country-flags/svg/cu.svg
Curacao,https://public.flourish.studio/country-flags/svg/cw.svg
Cyprus,https://public.flourish.studio/country-flags/svg/cy.svg
Czechia,https://public.flourish.studio/country-flags/svg/cz.svg
Denmark,https://public.flourish.studio/country-flags/svg/dk.svg
Djibouti,https://public.flourish.studio/country-flags/svg/dj.svg
Dominica,https://public.flourish.studio/country-flags/svg/dm.svg
Dominican Republic,https://public.flourish.studio/country-flags/svg/do.svg
Ecuador,https://public.flourish.studio/country-flags/svg/ec.svg
Egypt,https://public.flourish.studio/country-flags/svg/eg.svg
El Salvador,https://public.flourish.studio/country-flags/svg/sv.svg
Equatorial Guinea,https://public.flourish.studio/country-flags/svg/gq.svg
Eritrea,https://public.flourish.studio/country-flags/svg/er.svg
Estonia,https://public.flourish.studio/country-flags/svg/ee.svg
Eswatini,https://public.flourish.studio/country-flags/svg/sz.svg
Ethiopia,https://public.flourish.studio/country-flags/svg/et.svg
Faroe Islands,https://public.flourish.studio/country-flags/svg/fo.svg
Fiji,https://public.flourish.studio/country-flags/svg/fj.svg
Finland,https://public.flourish.studio/country-flags/svg/fi.svg
France,https://public.flourish.studio/country-flags/svg/fr.svg
French Polynesia,https://public.flourish.studio/country-flags/svg/pf.svg
Gabon,https://public.flourish.studio/country-flags/svg/ga.svg
Gambia,https://public.flourish.studio/country-flags/svg/gm.svg
Georgia,https://public.flourish.studio/country-flags/svg/ge.svg
Germany,https://public.flourish.studio/country-flags/svg/de.svg
Ghana,https://public.flourish.studio/country-flags/svg/gh.svg
Gibraltar,https://public.flourish.studio/country-flags/svg/gi.svg
Greece,https://public.flourish.studio/country-flags/svg/gr.svg
Greenland,https://public.flourish.studio/country-flags/svg/gl.svg
Grenada,https://public.flourish.studio/country-flags/svg/gd.svg
Guam,https://public.flourish.studio/country-flags/svg/gu.svg
Guatemala,https://public.flourish.studio/country-flags/svg/gt.svg
Guinea,https://public.flourish.studio/country-flags/svg/gn.svg
Guinea-Bissau,https://public.flourish.studio/country-flags/svg/gw.svg
Guyana,https://public.flourish.studio/country-flags/svg/gy.svg
Haiti,https://public.flourish.studio/country-flags/svg/ht.svg
Holy See,https://public.flourish.studio/country-flags/svg/va.svg
Honduras,https://public.flourish.studio/country-flags/svg/hn.svg
"Hong Kong SAR, China",https://public.flourish.studio/country-flags/svg/hk.svg
Hungary,https://public.flourish.studio/country-flags/svg/hu.svg
Iceland,https://public.flourish.studio/country-flags/svg/is.svg
India,https://public.flourish.studio/country-flags/svg/in.svg
Indonesia,https://public.flourish.studio/country-flags/svg/id.svg
Iran,https://public.flourish.studio/country-flags/svg/ir.svg
Iraq,https://public.flourish.studio/country-flags/svg/iq.svg
Ireland,https://public.flourish.studio/country-flags/svg/ie.svg
Isle of Man,https://public.flourish.studio/country-flags/svg/im.svg
Israel,https://public.flourish.studio/country-flags/svg/il.svg
Italy,https://public.flourish.studio/country-flags/svg/it.svg
Jamaica,https://public.flourish.studio/country-flags/svg/jm.svg
Japan,https://public.flourish.studio/country-flags/svg/jp.svg
Jordan,https://public.flourish.studio/country-flags/svg/jo.svg
Kazakhstan,https://public.flourish.studio/country-flags/svg/kz.svg
Kenya,https://public.flourish.studio/country-flags/svg/ke.svg
Kiribati,https://public.flourish.studio/country-flags/svg/ki.svg
North Korea,https://public.flourish.studio/country-flags/svg/kp.svg
"Korea, South",https://public.flourish.studio/country-flags/svg/kr.svg
Kosovo,https://public.flourish.studio/country-flags/svg/xk.svg
Kuwait,https://public.flourish.studio/country-flags/svg/kw.svg
Kyrgyzstan,https://public.flourish.studio/country-flags/svg/kg.svg
Laos,https://public.flourish.studio/country-flags/svg/la.svg
Latvia,https://public.flourish.studio/country-flags/svg/lv.svg
Lebanon,https://public.flourish.studio/country-flags/svg/lb.svg
Lesotho,https://public.flourish.studio/country-flags/svg/ls.svg
Liberia,https://public.flourish.studio/country-flags/svg/lr.svg
Libya,https://public.flourish.studio/country-flags/svg/ly.svg
Liechtenstein,https://public.flourish.studio/country-flags/svg/li.svg
Lithuania,https://public.flourish.studio/country-flags/svg/lt.svg
Luxembourg,https://public.flourish.studio/country-flags/svg/lu.svg
"Macao SAR, China",https://public.flourish.studio/country-flags/svg/mo.svg
North Macedonia,https://public.flourish.studio/country-flags/svg/mk.svg
Madagascar,https://public.flourish.studio/country-flags/svg/mg.svg
Malawi,https://public.flourish.studio/country-flags/svg/mw.svg
Malaysia,https://public.flourish.studio/country-flags/svg/my.svg
Maldives,https://public.flourish.studio/country-flags/svg/mv.svg
Mali,https://public.flourish.studio/country-flags/svg/ml.svg
Malta,https://public.flourish.studio/country-flags/svg/mt.svg
Marshall Islands,https://public.flourish.studio/country-flags/svg/mh.svg
Mauritania,https://public.flourish.studio/country-flags/svg/mr.svg
Mauritius,https://public.flourish.studio/country-flags/svg/mu.svg
Mexico,https://public.flourish.studio/country-flags/svg/mx.svg
Micronesia,https://public.flourish.studio/country-flags/svg/fm.svg
Moldova,https://public.flourish.studio/country-flags/svg/md.svg
Monaco,https://public.flourish.studio/country-flags/svg/mc.svg
Mongolia,https://public.flourish.studio/country-flags/svg/mn.svg
Montenegro,https://public.flourish.studio/country-flags/svg/me.svg
Morocco,https://public.flourish.studio/country-flags/svg/ma.svg
Mozambique,https://public.flourish.studio/country-flags/svg/mz.svg
Namibia,https://public.flourish.studio/country-flags/svg/na.svg
Nauru,https://public.flourish.studio/country-flags/svg/nr.svg
Nepal,https://public.flourish.studio/country-flags/svg/np.svg
Netherlands,https://public.flourish.studio/country-flags/svg/nl.svg
New Caledonia,https://public.flourish.studio/country-flags/svg/nc.svg
New Zealand,https://public.flourish.studio/country-flags/svg/nz.svg
Nicaragua,https://public.flourish.studio/country-flags/svg/ni.svg
Niger,https://public.flourish.studio/country-flags/svg/ne.svg
Nigeria,https://public.flourish.studio/country-flags/svg/ng.svg
Northern Mariana Islands,https://public.flourish.studio/country-flags/svg/mp.svg
Norway,https://public.flourish.studio/country-flags/svg/no.svg
Oman,https://public.flourish.studio/country-flags/svg/om.svg
Pakistan,https://public.flourish.studio/country-flags/svg/pk.svg
Palau,https://public.flourish.studio/country-flags/svg/pw.svg
Panama,https://public.flourish.studio/country-flags/svg/pa.svg
Papua New Guinea,https://public.flourish.studio/country-flags/svg/pg.svg
Paraguay,https://public.flourish.studio/country-flags/svg/py.svg
Peru,https://public.flourish.studio/country-flags/svg/pe.svg
Philippines,https://public.flourish.studio/country-flags/svg/ph.svg
Poland,https://public.flourish.studio/country-flags/svg/pl.svg
Portugal,https://public.flourish.studio/country-flags/svg/pt.svg
Puerto Rico,https://public.flourish.studio/country-flags/svg/pr.svg
Qatar,https://public.flourish.studio/country-flags/svg/qa.svg
Romania,https://public.flourish.studio/country-flags/svg/ro.svg
Russia,https://public.flourish.studio/country-flags/svg/ru.svg
Rwanda,https://public.flourish.studio/country-flags/svg/rw.svg
Samoa,https://public.flourish.studio/country-flags/svg/ws.svg
San Marino,https://public.flourish.studio/country-flags/svg/sm.svg
Sao Tome and Principe,https://public.flourish.studio/country-flags/svg/st.svg
Saudi Arabia,https://public.flourish.studio/country-flags/svg/sa.svg
Senegal,https://public.flourish.studio/country-flags/svg/sn.svg
Serbia,https://public.flourish.studio/country-flags/svg/rs.svg
Seychelles,https://public.flourish.studio/country-flags/svg/sc.svg
Sierra Leone,https://public.flourish.studio/country-flags/svg/sl.svg
Singapore,https://public.flourish.studio/country-flags/svg/sg.svg
Sint Maarten (Dutch part),https://public.flourish.studio/country-flags/svg/sx.svg
Slovakia,https://public.flourish.studio/country-flags/svg/sk.svg
Slovenia,https://public.flourish.studio/country-flags/svg/si.svg
Solomon Islands,https://public.flourish.studio/country-flags/svg/sb.svg
Somalia,https://public.flourish.studio/country-flags/svg/so.svg
South Africa,https://public.flourish.studio/country-flags/svg/za.svg
South Sudan,https://public.flourish.studio/country-flags/svg/ss.svg
Spain,https://public.flourish.studio/country-flags/svg/es.svg
Sri Lanka,https://public.flourish.studio/country-flags/svg/lk.svg
Saint Kitts and Nevis,https://public.flourish.studio/country-flags/svg/kn.svg
Saint Lucia,https://public.flourish.studio/country-flags/svg/lc.svg
St. Martin (French part),https://public.flourish.studio/country-flags/svg/mf.svg
Saint Vincent and the Grenadines,https://public.flourish.studio/country-flags/svg/vc.svg
Sudan,https://public.flourish.studio/country-flags/svg/sd.svg
Suriname,https://public.flourish.studio/country-flags/svg/sr.svg
Sweden,https://public.flourish.studio/country-flags/svg/se.svg
Switzerland,https://public.flourish.studio/country-flags/svg/ch.svg
Syria,https://public.flourish.studio/country-flags/svg/sy.svg
Taiwan*,https://public.flourish.studio/country-flags/svg/tw.svg
Tajikistan,https://public.flourish.studio/country-flags/svg/tj.svg
Tanzania,https://public.flourish.studio/country-flags/svg/tz.svg
Thailand,https://public.flourish.studio/country-flags/svg/th.svg
Timor-Leste,https://public.flourish.studio/country-flags/svg/tl.svg
Togo,https://public.flourish.studio/country-flags/svg/tg.svg
Tonga,https://public.flourish.studio/country-flags/svg/to.svg
Trinidad and Tobago,https://public.flourish.studio/country-flags/svg/tt.svg
Tunisia,https://public.flourish.studio/country-flags/svg/tn.svg
Turkey,https://public.flourish.studio/country-flags/svg/tr.svg
Turkmenistan,https://public.flourish.studio/country-flags/svg/tm.svg
Turks and Caicos Islands,https://public.flourish.studio/country-flags/svg/tc.svg
Tuvalu,https://public.flourish.studio/country-flags/svg/tv.svg
United Arab Emirates,https://public.flourish.studio/country-flags/svg/ae.svg
Uganda,https://public.flourish.studio/country-flags/svg/ug.svg
United Kingdom,https://public.flourish.studio/country-flags/svg/gb.svg
Ukraine,https://public.flourish.studio/country-flags/svg/ua.svg
Uruguay,https://public.flourish.studio/country-flags/svg/uy.svg
US,https://public.flourish.studio/country-flags/svg/us.svg
Uzbekistan,https://public.flourish.studio/country-flags/svg/uz.svg
Vanuatu,https://public.flourish.studio/country-flags/svg/vu.svg
Venezuela,https://public.flourish.studio/country-flags/svg/ve.svg
Vietnam,https://public.flourish.studio/country-flags/svg/vn.svg
Virgin Islands (U.S.),https://public.flourish.studio/country-flags/svg/vi.svg
West Bank and Gaza,https://public.flourish.studio/country-flags/svg/ps.svg
Yemen,https://public.flourish.studio/country-flags/svg/ye.svg
Zambia,https://public.flourish.studio/country-flags/svg/zm.svg
Zimbabwe,https://public.flourish.studio/country-flags/svg/zw.svg